"SITE","can500","imp500","X","Y","lc21","lc22","lc23","lc24","lc.forest","lc.ag"
"AMERTINMD1",29.135507,2.430363,353989,4307825,0.0320733104238259,0.0366552119129439,0.0126002290950745,0,0.371134020618557,0.504009163802978
"ANDEMIKMD1",41.672523,7.732748,365427,4284837,0.153318077803204,0.153318077803204,0.0217391304347826,0,0.454233409610984,0.180778032036613
"ANDRKENVA1",83.828102,0.55207,296758,4310941,0.0423340961098398,0.0068649885583524,0,0,0.781464530892448,0.040045766590389
"ASSMCARMD1",41.026348,9.946047,321859,4317219,0.285223367697594,0.198167239404353,0.0160366552119129,0.00343642611683849,0.348224513172967,0.127147766323024
"BAINANDMD1",19.903387,25.649936,322188,4318117,0.306987399770905,0.467353951890034,0.11340206185567,0.00916380297823597,0.0355097365406644,0.0206185567010309
"BAKEKYLDC1",36.624843,20.486825,323133,4312090,0.180778032036613,0.372997711670481,0.113272311212815,0.0022883295194508,0.247139588100687,0.0446224256292906
"BALAELEMD1",41.947082,11.146081,314332,4315555,0.204337899543379,0.20662100456621,0.0148401826484018,0.00228310502283105,0.313926940639269,0.0627853881278539
"BALASUCMD1",41.623588,19.258468,330791,4319311,0.162471395881007,0.282608695652174,0.0549199084668192,0.040045766590389,0.409610983981693,0.0045766590389016
"BARBJERMD1",20.86951,14.173149,373506,4330349,0.16532721010333,0.204362801377727,0.0574052812858783,0.0275545350172216,0.218140068886338,0.29735935706085
"BARNDORMD1",37.023838,21.227102,326629,4315797,0.298285714285714,0.395428571428571,0.0845714285714286,0.0137142857142857,0.196571428571429,0.008
"BEALTOMMD1",33.883312,11.716436,344534,4315429,0.143513203214696,0.21239954075775,0.0551090700344432,0.00114810562571757,0.407577497129736,0.17451205510907
"BERGMICMD1",63.383941,6.991217,330969,4321981,0.175660160734788,0.158438576349024,0.0160734787600459,0,0.621125143513203,0.0149253731343284
"BERNCHRMD1",18.734834,5.952127,395186,4292723,0.216247139588101,0.0675057208237986,0.0011441647597254,0,0.135011441647597,0.218535469107551
"BLANBETMD1",40.259723,13.115432,366415,4329594,0.289805269186713,0.292096219931271,0.0148911798396334,0,0.191294387170676,0.0194730813287514
"BLOCDAVMD1",34.243412,24.003763,326359,4315991,0.290763968072976,0.424173318129989,0.0912200684150513,0.0125427594070696,0.158494868871152,0.0125427594070696
"BOONGREMD1",23.425344,21.695106,360143,4360156,0.326086956521739,0.389016018306636,0.074370709382151,0.0125858123569794,0.137299771167048,0.0537757437070938
"BORGRACMD1",0.060225,80.553321,359227,4349589,0.0034324942791762,0.0755148741418764,0.268878718535469,0.652173913043478,0,0
"BRENSTEMD1",56.035133,3.654956,326086,4279059,0.0881006864988558,0.0892448512585812,0,0,0.632723112128146,0.189931350114416
"BRIGGERMD1",42.933502,24.982433,337746,4318715,0.135476463834673,0.320321469575201,0.167623421354765,0.0195177956371986,0.322617680826636,0.026406429391504
"BROWANNDC1",1.006648,68.241424,321940,4307690,0.0206659012629162,0.107921928817451,0.44316877152698,0.351320321469575,0,0.00574052812858783
"BROWANNMD1",12.404545,24.756061,371339,4313671,0.166093928980527,0.262313860252005,0.0652920962199313,0.0698739977090493,0.0435280641466208,0.0320733104238259
"BRUNELIMD1",15.484315,27.656209,317880,4323087,0.379428571428571,0.393142857142857,0.117714285714286,0.0445714285714286,0.0377142857142857,0.024
"BUISNORVA1",49.626827,6.475561,303201,4290533,0.13745704467354,0.155784650630011,0.0011454753722795,0,0.565864833906071,0.0469644902634593
"BURDROBVA1",22.271017,16.435382,290201,4304592,0.26865671641791,0.338691159586682,0.0493685419058553,0.00114810562571757,0.194029850746269,0.128587830080367
"BURKSANMD1",39.321205,14.245922,319312,4316709,0.30045871559633,0.229357798165138,0.073394495412844,0.0172018348623853,0.173165137614679,0.0802752293577982
"BURNNANMD1",5.837078,1.205056,402220,4287691,0.100917431192661,0.00114678899082569,0,0,0.0137614678899083,0.259174311926606
"BURRHEAMD1",20.475954,15.459369,364866,4312243,0.21395881006865,0.151029748283753,0.0537757437070938,0.0091533180778032,0.137299771167048,0.0617848970251716
"CAINBRIMD1",15.728972,22.362667,370975,4313449,0.263761467889908,0.420871559633028,0.0481651376146789,0.0149082568807339,0.051605504587156,0.0378440366972477
"CALLNODMD1",6.084065,50.096611,330599,4312231,0.0939289805269187,0.424971363115693,0.367697594501718,0.11340206185567,0,0
"CAMPGLOMD1",29.286073,13.988707,333123,4325468,0.118993135011442,0.316933638443936,0.034324942791762,0,0.327231121281465,0.193363844393593
"CAMPLIBMD1",42.041404,4.130489,324029,4282747,0.194954128440367,0.0791284403669725,0.00114678899082569,0,0.462155963302752,0.223623853211009
"CAMPROSMD1",27.823085,14.203262,324891,4320298,0.503424657534247,0.19634703196347,0.0730593607305936,0.00114155251141553,0.105022831050228,0.0730593607305936
"CANTBOBMD1",36.240901,1.949811,307080,4318854,0.177548682703322,0.0171821305841924,0,0,0.351660939289805,0.441008018327606
"CARLSHIMD1",29.612861,26.651954,363189,4361832,0.232531500572738,0.308132875143184,0.174112256586483,0.0652920962199313,0.176403207331042,0.0194730813287514
"CAUSSUSMD1",18.276035,0.723964,312486,4351978,0.106651376146789,0.00344036697247706,0.00114678899082569,0,0.19151376146789,0.654816513761468
"CLARKELMD1",26.741531,16.854454,362946,4316445,0.209382151029748,0.282608695652174,0.0903890160183066,0,0.236842105263158,0.136155606407323
"COLALISMD1",6.781681,0.129234,328264,4353010,0.00457142857142857,0.00114285714285714,0,0,0.0525714285714286,0.918857142857143
"COLSKATMD1",55.956085,8.328732,340653,4335767,0.20756880733945,0.18348623853211,0.00802752293577982,0,0.536697247706422,0.0596330275229358
"CONAGAIMD1",37.301128,0.015056,341753,4354667,0.0011441647597254,0,0,0,0.346681922196796,0.565217391304348
"CONNDAVMD1",45.115432,7.40025,336431,4331163,0.274397244546498,0.177956371986223,0,0,0.340987370838117,0.184845005740528
"COULMARMD1",45.033878,4.795483,362323,4328154,0.424173318129989,0.0467502850627138,0.00114025085518814,0,0.273660205245154,0.140250855188141
"COWLANDMD1",25.326223,0.046424,412719,4312905,0.00343642611683849,0.00229095074455899,0,0,0.328751431844215,0.624284077892325
"CRONCHRVA1",32.359375,11.076823,295136,4277318,0.193548387096774,0.271889400921659,0.00806451612903226,0,0.29147465437788,0.147465437788018
"DALEELIMD1",24.718946,0.01882,364049,4393717,0.00114678899082569,0,0,0,0.254587155963303,0.739678899082569
"DANIBARMD1",75.718017,0.016506,367160,4319251,0.00114285714285714,0,0,0,0.416,0
"DAVIALIVA1",39.814304,23.306148,318180,4307590,0.22680412371134,0.25085910652921,0.147766323024055,0.0309278350515464,0.342497136311569,0.0011454753722795
"DECHKIMMD2",65.972396,2.582183,361512,4322595,0.106896551724138,0.0459770114942529,0.00114942528735632,0,0.632183908045977,0.109195402298851
"DELUKARVA1",47.9197,9.422835,312606,4308514,0.258323765786452,0.188289322617681,0.0137772675086108,0.00229621125143513,0.474167623421355,0.0413318025258324
"DORNROBMD1",20.959938,9.385802,368199,4306189,0.247695852534562,0.17741935483871,0,0,0.119815668202765,0.0725806451612903
"DRAKBERMD1",79.747802,0.012547,362546,4299004,0.0102974828375286,0,0,0,0.861556064073226,0.0640732265446224
"EARLNANMD1",14.298969,12.886597,366246,4300353,0.164179104477612,0.0723306544202067,0.0298507462686567,0.0195177956371986,0.0803673938002296,0.125143513203215
"EDEREDWVA1",25.792974,10.580928,321702,4287660,0.432,0.212571428571429,0.00685714285714286,0,0.0891428571428571,0.259428571428571
"EGANMARMD1",49.695186,6.084224,317176,4313079,0.203661327231121,0.0892448512585812,0.0102974828375286,0,0.469107551487414,0.0983981693363844
"EGGELESVA1",14.351317,36.008781,313913,4304024,0.243119266055046,0.311926605504587,0.262614678899083,0.0928899082568807,0.055045871559633,0.0194954128440367
"EVANMICMD1",23.633501,13.211586,315292,4325354,0.521191294387171,0.189003436426117,0.0618556701030928,0.0011454753722795,0.156930126002291,0.0504009163802978
"FAGABERMD1",23.188205,34.347553,325019,4317084,0.196796338672769,0.372997711670481,0.22883295194508,0.0732265446224256,0.080091533180778,0.0263157894736842
"FARYSIMMD1",19.95985,29.797992,325249,4317482,0.233409610983982,0.441647597254005,0.200228832951945,0.0045766590389016,0.0389016018306636,0.0560640732265446
"FERRSUEMD1",26.179422,18.983688,388829,4369573,0.0895522388059701,0.304247990815155,0.12284730195178,0.00229621125143513,0.275545350172216,0.13203214695752
"FISHFERVA1",34.353828,16.91217,315167,4309263,0.404571428571429,0.346285714285714,0.0331428571428571,0,0.152,0.0445714285714286
"FOLEMARMD1",31.129179,11.589665,363795,4314098,0.16532721010333,0.16532721010333,0.0355912743972445,0,0.239954075774971,0.0711825487944891
"FOOSDAVVA1",27.397741,25.91217,315121,4307952,0.305491990846682,0.473684210526316,0.116704805491991,0.0045766590389016,0.0434782608695652,0.0366132723112128
"FORCBREVA1",11.365118,18.446674,291707,4282855,0.0811428571428571,0.313142857142857,0.121142857142857,0.00114285714285714,0.138285714285714,0.313142857142857
"FREYFREMD1",11.966122,13.986198,356342,4359878,0.528604118993135,0.143020594965675,0.115560640732265,0.0102974828375286,0.117848970251716,0.0835240274599542
"FUISLISDC1",12.293601,46.283561,321622,4308700,0.150401836969001,0.229621125143513,0.477611940298507,0.0665901262916188,0.0619977037887486,0.0137772675086108
"GAETHEAMD1",38.611042,10.680049,344743,4349402,0.102298850574713,0.179310344827586,0.0666666666666667,0.00114942528735632,0.452873563218391,0.190804597701149
"GALLTERMD1",56.097965,5.461832,366897,4324695,0.197928653624856,0.103567318757192,0.0161104718066743,0,0.44994246260069,0.0736478711162255
"GARDVALMD1",45.809284,2.335006,361716,4327886,0.426940639269406,0.0136986301369863,0,0,0.244292237442922,0.175799086757991
"GECACARVA1",24.633626,25.734003,315896,4306129,0.252583237657865,0.409873708381171,0.158438576349024,0.0172215843857635,0.0929965556831228,0.0436280137772675
"GELLHERMD1",47.336261,8.913425,338496,4293955,0.188787185354691,0.20137299771167,0.0102974828375286,0,0.458810068649886,0.123569794050343
"GERYERIMD1",22.2133,18.632371,316503,4318818,0.440872560275545,0.420206659012629,0.0114810562571757,0,0.0470723306544202,0.0459242250287026
"GIBSELAMD1",13.97867,30.5069,316938,4323310,0.360091743119266,0.337155963302752,0.212155963302752,0.0596330275229358,0.0194954128440367,0.0114678899082569
"GIESALYVA1",26.797992,15.095357,312544,4310499,0.426773455377574,0.282608695652174,0.0354691075514874,0,0.153318077803204,0.0789473684210526
"GILLEVAMD1",26.104417,0.662143,365188,4298720,0.0217640320733104,0.0103092783505155,0.00229095074455899,0,0.234822451317297,0.47766323024055
"GIRAANGMD1",21.810539,13.181932,307091,4341996,0.0630733944954128,0.227064220183486,0.0619266055045872,0.00688073394495413,0.255733944954128,0.378440366972477
"GOCHJOAMD1",16.058971,0,364368,4390314,0,0,0,0,0.203196347031963,0.796803652968037
"GOMEKARMD1",25.416563,13.195734,363034,4327992,0.377142857142857,0.236571428571429,0.024,0,0.096,0.209142857142857
"GOROCARDC1",54.257213,7.227101,321929,4316095,0.258581235697941,0.109839816933638,0.022883295194508,0,0.381006864988558,0.0869565217391304
"GOUGGREMD1",41.805519,8.363864,316574,4317512,0.428735632183908,0.15632183908046,0,0,0.229885057471264,0.0770114942528736
"HADDMARMD1",29.176914,0,359637,4295079,0,0,0,0,0.3398392652124,0.645235361653272
"HALLDEBVA1",19.23463,22.154329,318854,4294467,0.205949656750572,0.353546910755149,0.121281464530892,0.0308924485125858,0.161327231121281,0.121281464530892
"HAMIMARMD1",27.441696,2.181019,376028,4319064,0.0355504587155963,0.0194954128440367,0.00917431192660551,0.00114678899082569,0.172018348623853,0.294724770642202
"HAMMBARMD1",57.559509,1.530054,361021,4316362,0.051605504587156,0.0240825688073395,0.00229357798165138,0,0.535550458715596,0.0321100917431193
"HARWRANDC1",31.301128,25.713926,320731,4314515,0.284403669724771,0.465596330275229,0.118119266055046,0.00688073394495413,0.0722477064220183,0.00688073394495413
"HAWNJANVA1",17.092847,26.607276,315054,4303270,0.259174311926606,0.489678899082569,0.135321100917431,0.0126146788990826,0.0837155963302752,0.00802752293577982
"HEATSUEVA1",20.371393,25.434127,287443,4302738,0.163030998851894,0.477611940298507,0.140068886337543,0,0.187141216991963,0.0321469575200918
"HERBJOAMD1",48.938518,10.585947,372023,4329352,0.170285714285714,0.221714285714286,0.0137142857142857,0.00342857142857143,0.472,0.0285714285714286
"HIRSMUSDC1",0.664993,56.853199,324517,4306343,0.136467889908257,0.173165137614679,0.456422018348624,0.23394495412844,0,0
"HITCBJMD1",31.143228,13.592448,344359,4330586,0.155606407322654,0.361556064073227,0.0022883295194508,0,0.295194508009153,0.0652173913043478
"HOROBONVA1",63.491844,0.555834,297350,4309154,0.0274599542334096,0.0068649885583524,0,0,0.707093821510298,0.249427917620137
"HULLJEFVA1",28.311166,22.006273,320296,4299607,0.301605504587156,0.467889908256881,0.0688073394495413,0.00802752293577982,0.137614678899083,0.0160550458715596
"HUNTDAVMD2",27.311166,26.705144,326332,4316616,0.238258877434135,0.329896907216495,0.18098510882016,0.0171821305841924,0.131729667812142,0.0515463917525773
"HUNTMARMD1",28.860727,16.375156,366902,4326132,0.260869565217391,0.366132723112128,0.0377574370709382,0.0011441647597254,0.195652173913043,0.123569794050343
"HUTCBARVA1",39.897113,10.494354,317689,4286217,0.252571428571429,0.219428571428571,0.00571428571428571,0.00114285714285714,0.411428571428571,0.0948571428571429
"JACKALADC1",44.429107,21.31744,329772,4303603,0.130884041331803,0.451205510907003,0.0803673938002296,0.00114810562571757,0.336394948335247,0
"JACOAMYMD1",9.069986,0.409946,426034,4298423,0.0357142857142857,0.00238095238095238,0,0,0.0333333333333333,0.55
"JACOSYDMD1",22.159347,20.519447,329657,4320382,0.363428571428571,0.418285714285714,0.0777142857142857,0,0.118857142857143,0.0217142857142857
"JEWELIBMD1",40.805519,15.460476,317644,4314185,0.397701149425287,0.220689655172414,0.0482758620689655,0.0195402298850575,0.229885057471264,0.0436781609195402
"JOHNTHEMD1",9.535758,12.091593,385434,4374841,0.445589919816724,0.252004581901489,0.0206185567010309,0,0.0183276059564719,0.255441008018328
"JONECLAMD1",61.526657,1.221324,362426,4314089,0.0606407322654462,0.0205949656750572,0,0,0.40045766590389,0.062929061784897
"JORABONVA1",20.834379,27.996236,313826,4307339,0.254004576659039,0.560640732265446,0.097254004576659,0.0137299771167048,0.0720823798627002,0.0022883295194508
"KAMILEIVA1",19.027603,26.401506,314592,4303323,0.280641466208477,0.415807560137457,0.13745704467354,0.0274914089347079,0.123711340206186,0.00801832760595647
"KESTSABDC1",19.732748,43.426601,322541,4310202,0.105625717566016,0.12743972445465,0.355912743972445,0.16532721010333,0.146957520091848,0.0229621125143513
"KEYESUSMD1",19.621078,1.242158,300396,4329334,0.125143513203215,0.0137772675086108,0,0,0.218140068886338,0.639494833524684
"KINDFAPMD1",9.754077,3.70138,362655,4328893,0.0838117106773823,0.0838117106773823,0.00574052812858783,0.00114810562571757,0.095292766934558,0.660160734787601
"KNIGSALVA1",70.096611,0,297302,4250319,0,0,0,0,0.871681415929204,0.128318584070796
"KORRHARMD1",27.567127,20.450439,349757,4348779,0.342135476463835,0.350172215843858,0.0987370838117107,0.0068886337543054,0.117106773823192,0.0826636050516648
"KOSLDREMD1",27.76366,7.028339,371360,4310630,0.228310502283105,0.124429223744292,0.00570776255707763,0,0.243150684931507,0.166666666666667
"LAFMELVA1",12.396487,30.260978,312830,4307425,0.254004576659039,0.556064073226545,0.133867276887872,0.0125858123569794,0.0354691075514874,0.0080091533180778
"LANDCELVA1",27.065244,21.98118,305618,4306085,0.287026406429391,0.381171067738232,0.087256027554535,0.0183696900114811,0.185993111366246,0.0401836969001148
"LANGANKVA1",57.528232,3.037641,300710,4312145,0.207093821510297,0.0434782608695652,0,0,0.604118993135011,0.145308924485126
"LERNJEFMD1",36.430362,25.668758,325117,4316649,0.21395881006865,0.31350114416476,0.183066361556064,0.017162471395881,0.203661327231121,0.0183066361556064
"LIEBJUDMD1",41.289836,14.547051,317662,4314154,0.407534246575342,0.223744292237443,0.0376712328767123,0.0171232876712329,0.230593607305936,0.0410958904109589
"LINDHANMD1",38.766624,10.682559,319424,4316589,0.345977011494253,0.213793103448276,0.0275862068965517,0,0.177011494252874,0.0988505747126437
"LLEISUSDC1",5.821831,68.723968,322943,4310169,0.0389908256880734,0.0688073394495413,0.464449541284404,0.354357798165138,0.0355504587155963,0
"LORAJORMD1",49.51192,10.190714,362920,4359970,0.315366972477064,0.238532110091743,0.00917431192660551,0,0.402522935779817,0.0286697247706422
"LUCIDANMD1",26.323101,11.381259,369273,4317037,0.148741418764302,0.130434782608696,0.0560640732265446,0.0068649885583524,0.12929061784897,0.0011441647597254
"LYONLYNVA1",23.439146,20.267251,289140,4298888,0.20137299771167,0.448512585812357,0.0446224256292906,0.0011441647597254,0.216247139588101,0.074370709382151
"MAHOJIMMD1",55.978946,0.95921,366283,4294677,0.0663615560640732,0.0251716247139588,0,0,0.550343249427918,0.118993135011442
"MALLSTEMD1",43.973724,6.230293,315995,4312660,0.165903890160183,0.0938215102974828,0.0080091533180778,0,0.327231121281465,0.0469107551487414
"MANNJANDC1",40.105396,12.262233,321757,4315741,0.371986222732491,0.227324913892078,0.0241102181400689,0,0.167623421354765,0.0677382319173364
"MARRPETMD1",28.89335,26.225847,326313,4315545,0.269714285714286,0.450285714285714,0.130285714285714,0.008,0.125714285714286,0.0125714285714286
"MARRPETMD2",36.136764,20.801755,326497,4315867,0.307428571428571,0.437714285714286,0.0514285714285714,0.0102857142857143,0.181714285714286,0.008
"MAZUJENMD1",38.247177,1.628607,326871,4335359,0.0936073059360731,0.0136986301369863,0.00799086757990868,0,0.384703196347032,0.494292237442922
"MCCAKEVMD1",24.63739,13.904642,337303,4341502,0.320733104238259,0.324169530355097,0.0126002290950745,0,0.142038946162657,0.200458190148912
"MCCOCHRMD1",0,0.003764,323067,4357548,0.00114810562571757,0,0,0,0,0.997703788748565
"MCCOJOHMD1",15.504391,1.043914,333537,4337917,0.0253456221198157,0.0264976958525346,0,0,0.118663594470046,0.78110599078341
"MCDOELIVA1",12.792973,37.007526,319463,4295856,0.135011441647597,0.449656750572082,0.248283752860412,0.0480549199084668,0.0778032036613272,0.0411899313501144
"MCKEANNVA1",53.430362,9.092847,320433,4292286,0.151376146788991,0.244266055045872,0.00229357798165138,0,0.589449541284404,0.0126146788990826
"MCKEJANMD1",13.228356,0.030112,327410,4351535,0.0022883295194508,0,0,0,0.0812356979405034,0.847826086956522
"MCLERICMD1",30.913425,0,346855,4397170,0,0,0,0,0.233333333333333,0.766666666666667
"MCNAKRIMD1",36.132999,15.664993,318162,4314273,0.534936998854525,0.310423825887743,0.0148911798396334,0,0.0962199312714777,0.0194730813287514
"MEGOPATMD1",29.509325,6.09756,353974,4289643,0.219288174512055,0.112514351320321,0,0,0.219288174512055,0.148105625717566
"MEGOPATMD2",53.875785,0.624843,356057,4289950,0.0218140068886338,0.0172215843857635,0,0,0.622273249138921,0.274397244546498
"MERRJOAMD1",29.361354,9.052697,309534,4348708,0.146118721461187,0.182648401826484,0.0136986301369863,0.00570776255707763,0.304794520547945,0.341324200913242
"MESEBARMD1",25.960659,1.554568,375738,4375630,0.130733944954128,0.018348623853211,0,0,0.261467889908257,0.545871559633027
"MILLJOEMD1",38.178169,10.984943,360962,4328905,0.336384439359268,0.224256292906178,0.0148741418764302,0.0022883295194508,0.267734553775744,0.017162471395881
"MILLLORVA1",31.383939,0,275291,4303347,0,0,0,0,0.491803278688525,0.482435597189696
"MILLPAUMD1",33.954956,9.877261,370113,4317083,0.267201834862385,0.165137614678899,0.0481651376146789,0.00458715596330275,0.275229357798165,0.0389908256880734
"MISBJANMD1",32.987453,12.703889,333001,4325703,0.0990783410138249,0.275345622119816,0.0426267281105991,0.00115207373271889,0.355990783410138,0.207373271889401
"MISSEDDC1",0.508155,70.016311,326798,4305714,0.00802752293577982,0.0665137614678899,0.684633027522936,0.240825688073394,0,0
"MOLIKARMD1",23.197122,26.074392,366519,4285044,0.149082568807339,0.311926605504587,0.135321100917431,0.018348623853211,0.130733944954128,0.00917431192660551
"MORAANGMD1",28.930992,3.707653,340223,4352207,0.177345537757437,0.0446224256292906,0,0,0.311212814645309,0.440503432494279
"MORAJANMD1",32.926769,2.080808,373184,4317562,0.17545871559633,0.0298165137614679,0,0,0.301605504587156,0.462155963302752
"MORRCHRVA1",25.739021,1.55207,301020,4323300,0.0434782608695652,0.0274599542334096,0.0022883295194508,0,0.296338672768879,0.616704805491991
"MORRJESMD1",51.264743,12.675031,326225,4318105,0.198630136986301,0.20662100456621,0.0559360730593607,0.0136986301369863,0.333333333333333,0.0262557077625571
"MOSMCARMD1",33.828926,8.827217,373071,4328091,0.235967926689576,0.138602520045819,0.00916380297823597,0.00343642611683849,0.154639175257732,0.0171821305841924
"MULLJOYVA1",42.712673,4.59473,296509,4284721,0.114285714285714,0.113142857142857,0.0137142857142857,0.00228571428571429,0.557714285714286,0.198857142857143
"MUTRCYNMD1",49.381431,5.067754,314686,4316803,0.172966781214204,0.0916380297823597,0.0148911798396334,0,0.489117983963345,0.191294387170676
"MUTRCYNMD2",38.489334,8.685069,307474,4317443,0.175660160734788,0.148105625717566,0.0298507462686567,0,0.444316877152698,0.192881745120551
"MYERBRUMD1",25.736511,16.237138,328276,4321418,0.436426116838488,0.284077892325315,0.0584192439862543,0.00229095074455899,0.126002290950745,0.0870561282932417
"NATICATDC1",17.377666,34.904644,320714,4311080,0.170114942528736,0.47816091954023,0.250574712643678,0.0206896551724138,0.0609195402298851,0.0195402298850575
"NATIGALDC1",0.757841,55.978668,324553,4306656,0.127586206896552,0.186206896551724,0.5,0.186206896551724,0,0
"NAYLMICMD1",52.033878,0.358845,345163,4353589,0.0240825688073395,0.00229357798165138,0,0,0.565366972477064,0.317660550458716
"NAYLMICMD2",38.5872,1.883312,344214,4352480,0.0458715596330275,0.0378440366972477,0.00688073394495413,0,0.401376146788991,0.496559633027523
"NEWBCARVA1",62.716438,0.406524,298157,4307076,0.0320366132723112,0.0080091533180778,0,0,0.687643020594966,0.262013729977117
"NICHALIMD1",57.10971,1.741487,364362,4317613,0.103329506314581,0.0241102181400689,0,0,0.544202066590126,0.167623421354765
"NICHSANMD1",8.434127,28.82434,353241,4345104,0.154109589041096,0.431506849315068,0.215753424657534,0.00114155251141553,0.0468036529680365,0.141552511415525
"OBRICHRMD1",15.220828,37.902133,333384,4320030,0.180778032036613,0.528604118993135,0.211670480549199,0.0606407322654462,0.0183066361556064,0
"ODELVINMD1",18.647428,0.454203,322087,4371569,0.0344827586206897,0.00344827586206897,0,0,0.148275862068966,0.772413793103448
"ODELVINMD2",49.294975,5.351851,366617,4327521,0.214203894616266,0.0904925544100802,0.00572737686139748,0,0.383734249713631,0.013745704467354
"OMLAKEVMD1",21.702634,0.016311,349440,4286442,0,0,0,0,0.255441008018328,0.741122565864834
"ONTAHOUDC1",13.071517,53.663738,322936,4310498,0.0916380297823597,0.131729667812142,0.435280641466208,0.215349369988545,0.0618556701030928,0
"OWENDORVA1",29.745294,14.760351,291814,4302649,0.175660160734788,0.256027554535017,0.0642939150401837,0.0114810562571757,0.257175660160735,0.192881745120551
"OWENJOHMD1",40.580928,12.989962,347921,4351480,0.249138920780712,0.363949483352468,0.0034443168771527,0,0.334098737083812,0.0447761194029851
"PADORAMVA1",26.307403,16.843162,317303,4295052,0.251146788990826,0.432339449541284,0.0217889908256881,0.00344036697247706,0.224770642201835,0.051605504587156
"PANCSAMMD1",27.262233,26.952322,326241,4315515,0.255441008018328,0.47651775486827,0.132875143184422,0.00343642611683849,0.11340206185567,0.0148911798396334
"PATSNADMD1",6.902132,32.983688,355230,4359677,0.126002290950745,0.690721649484536,0.140893470790378,0.0011454753722795,0.00801832760595647,0.0183276059564719
"PATTDAVMD1",1.138017,44.473022,363582,4349986,0.375143843498274,0.132336018411968,0.096662830840046,0.357882623705409,0.0103567318757192,0.0276179516685846
"PERNMIKMD1",32.424091,0,324265,4354263,0,0,0,0,0.322988505747126,0.647126436781609
"PERRCHRMD1",80.671264,0.060225,365972,4319071,0.00803673938002296,0,0,0,0.654420206659013,0.0114810562571757
"PHARAIMMD1",53.658096,0.859897,372731,4319742,0.060849598163031,0.0160734787600459,0,0,0.600459242250287,0.171067738231917
"PICKMARMD1",25.41254,0,403283,4302440,0,0,0,0,0.254004576659039,0.347826086956522
"PICKMARMD1",25.41254,0,403283,4302440,0,0,0,0,0.254004576659039,0.347826086956522
"RABIANDMD1",15.697615,21.490589,306986,4334124,0.329908675799087,0.377853881278539,0.10958904109589,0.00114155251141553,0.0707762557077626,0.110730593607306
"RAUCDANMD1",30.057716,2.544542,342859,4302805,0.0833333333333333,0.0639269406392694,0.00114155251141553,0,0.356164383561644,0.486301369863014
"RAUNERIMD1",15.69887,30.338769,322425,4318439,0.298969072164948,0.483390607101947,0.170675830469645,0.013745704467354,0.011454753722795,0.0148911798396334
"RAY_TIMMD1",45.346298,2.372647,338027,4344044,0.25802752293578,0.00688073394495413,0,0,0.331422018348624,0.346330275229358
"RCP_AMADC1",33.578418,19.718946,322411,4310831,0.203661327231121,0.19908466819222,0.165903890160183,0.022883295194508,0.288329519450801,0.011441647597254
"RCP_EDZDC1",34.663738,21.558343,322081,4311177,0.178285714285714,0.197714285714286,0.198857142857143,0.0205714285714286,0.325714285714286,0.0377142857142857
"RCP_SMBDC1",27.856964,29.130489,322518,4310510,0.166666666666667,0.190639269406393,0.262557077625571,0.0707762557077626,0.178082191780822,0.0136986301369863
"REIKROBMD1",12.646173,0,325095,4346372,0,0,0,0,0.13662456946039,0.858783008036739
"REILPAUMD1",31.87202,0.279799,360336,4306770,0.0217889908256881,0.00458715596330275,0,0,0.400229357798165,0.553899082568807
"REITBOBMD1",16.839397,35.55458,325018,4318076,0.295194508009153,0.319221967963387,0.211670480549199,0.121281464530892,0.0183066361556064,0.034324942791762
"REUTSHAMD1",0.076537,78.820579,359858,4349518,0.0102974828375286,0.0583524027459954,0.323798627002288,0.598398169336384,0,0.0091533180778032
"RICHLIBMD1",47.735256,1.653701,372346,4317967,0.142201834862385,0.0114678899082569,0,0,0.474770642201835,0.364678899082569
"ROHRSALMD1",24.067754,0.017565,365212,4302381,0.0011454753722795,0,0,0,0.287514318442153,0.698739977090493
"RUSSJODMD1",8.821831,7.132998,338000,4335079,0.431350114416476,0.085812356979405,0.0102974828375286,0,0.0251716247139588,0.44279176201373
"SALAJENMD1",15.557088,19.055206,311349,4326517,0.359679266895762,0.506300114547537,0.00458190148911798,0,0.0171821305841924,0.112256586483391
"SALOSHEMD1",27.648681,32.518192,333475,4310460,0.221330275229358,0.372706422018349,0.168577981651376,0.0837155963302752,0.130733944954128,0.00458715596330275
"SANFCARMD1",33.713928,15.813049,337719,4291768,0.219036697247706,0.283256880733945,0.073394495412844,0,0.33256880733945,0.0917431192660551
"SARGMARMD1",23.574655,25.259723,321825,4318253,0.384879725085911,0.302405498281787,0.13631156930126,0.0412371134020619,0.0652920962199313,0.0194730813287514
"SCHILYDMD1",52.072772,0.595984,301842,4328122,0.034324942791762,0.0045766590389016,0,0,0.612128146453089,0.34324942791762
"SCHIMARMD1",65.916786,1.808759,317657,4330658,0.151202749140893,0.00572737686139748,0,0,0.509736540664376,0.0366552119129439
"SCHLROBMD1",49.537014,0.016311,343311,4355528,0.00229095074455899,0,0,0,0.491408934707904,0.400916380297824
"SCHOPAUMD1",22.628606,16.294855,343312,4369863,0.37400228050171,0.338654503990878,0.0421892816419612,0.0193842645381984,0.0877993158494869,0.137970353477765
"SCOLWENMD1",8.759096,30.48808,366618,4357566,0.209382151029748,0.646453089244851,0.109839816933638,0,0.0091533180778032,0.0251716247139588
"SERCGUEMD1",64.683944,0,365367,4305584,0,0,0,0,0.699196326061998,0.152698048220436
"SHEEM.AMD1",23.056461,34.623588,331149,4314199,0.127880184331797,0.539170506912442,0.222350230414747,0.00460829493087558,0.100230414746544,0.00460829493087558
"SILLSCOMD1",24.001255,33.668758,327497,4317136,0.18098510882016,0.34135166093929,0.152348224513173,0.135166093928981,0.107674684994273,0.0274914089347079
"SIMOROSVA1",17.006273,27.027603,319885,4298043,0.226436781609195,0.596551724137931,0.067816091954023,0.00229885057471264,0.0804597701149425,0.0241379310344828
"SINGTONMD1",10.28125,23.539062,372013,4314725,0.137772675086108,0.318025258323766,0.0505166475315729,0,0.00918484500574053,0
"SOLIAPRMD1",31.054224,1.534678,345773,4252896,0.131578947368421,0.0102974828375286,0.0034324942791762,0,0.361556064073227,0.443935926773455
"SOLLCHRMD1",41.856964,8.735257,314443,4316070,0.325315005727377,0.18098510882016,0.00343642611683849,0,0.342497136311569,0.119129438717068
"SPEYPAUMD1",33.638191,8.348408,369488,4317583,0.161327231121281,0.0835240274599542,0.022883295194508,0.005720823798627,0.197940503432494,0.017162471395881
"STANJEFMD1",39.771644,10.406524,320823,4316281,0.478760045924225,0.204362801377727,0.00574052812858783,0,0.129735935706085,0.0447761194029851
"STAVKORMD1",30.219573,24.20828,326544,4316698,0.254566210045662,0.301369863013699,0.16324200913242,0.021689497716895,0.157534246575342,0.0559360730593607
"STEWBETMD1",56.781681,4.38143,328233,4327865,0.0769230769230769,0.119402985074627,0,0,0.576349024110218,0.218140068886338
"STORPATMD1",46.745296,5.292346,337776,4343528,0.382588774341352,0.0641466208476518,0.00572737686139748,0.0011454753722795,0.258877434135166,0.223367697594502
"STUECHRVA2",22.455457,16.351318,312218,4309875,0.401601830663616,0.414187643020595,0.0011441647597254,0,0.146453089244851,0.0366132723112128
"STURCARMD1",47.180679,23.567127,337773,4318787,0.120412844036697,0.297018348623853,0.159403669724771,0.018348623853211,0.372706422018349,0.0229357798165138
"SUBRSTEMD1",38.513175,16.258468,325496,4319004,0.287671232876712,0.21689497716895,0.0958904109589041,0.0091324200913242,0.191780821917808,0.0388127853881279
"SULLPAUVA1",19.557088,30.473024,317130,4299258,0.176064441887227,0.513233601841197,0.154200230149597,0.0149597238204833,0.141542002301496,0
"TATEJUAMD1",25.573232,19.955808,364342,4314095,0.203661327231121,0.311212814645309,0.11441647597254,0.0011441647597254,0.288329519450801,0.0675057208237986
"TAYLELEVA1",53.937263,8.011292,316724,4308654,0.211187214611872,0.149543378995434,0.0194063926940639,0.00228310502283105,0.504566210045662,0.0525114155251142
"THOMMARDC1",26.342535,23.938518,319274,4312772,0.306896551724138,0.566666666666667,0.0517241379310345,0.00919540229885057,0.0103448275862069,0.0379310344827586
"THOMSUSMD1",79.112434,0.111111,366757,4319339,0.00804597701149425,0.00114942528735632,0,0,0.358620689655172,0
"TINIKATMD1",24.653701,3.702634,327767,4334258,0.331042382588774,0.0286368843069874,0.00343642611683849,0,0.168384879725086,0.45360824742268
"TUFTKATMD1",37.750312,0,320961,4352017,0,0,0,0,0.391304347826087,0.604118993135011
"UNGELAUDC1",2.021136,65.771469,320815,4308438,0.0263157894736842,0.162471395881007,0.471395881006865,0.270022883295195,0,0
"URBABETMD1",38.846927,11.737766,354074,4317710,0.47816091954023,0.259770114942529,0,0,0.149425287356322,0.0689655172413793
"VERSBETMD1",9.262233,2.010037,361125,4287225,0.157290470723307,0.0275545350172216,0,0,0.109070034443169,0.679678530424799
"VERSBETMD1",9.262233,2.010037,361125,4287225,0.157290470723307,0.0275545350172216,0,0,0.109070034443169,0.679678530424799
"VONGJENMD1",37.387702,11.708908,315460,4320031,0.388761467889908,0.229357798165138,0.0160550458715596,0.00114678899082569,0.193807339449541,0.113532110091743
"VOSSCOLVA1",35.328731,9.574654,302186,4308846,0.376578645235362,0.188289322617681,0.00574052812858783,0,0.270952927669346,0.142365097588978
"WALKPATVA1",26.060226,22.34379,297546,4284866,0.132420091324201,0.364155251141553,0.139269406392694,0.00228310502283105,0.302511415525114,0.0593607305936073
"WARDDOUVA1",5.879548,53.301128,318802,4305985,0.0399543378995434,0.349315068493151,0.45662100456621,0.154109589041096,0,0
"WATSPATDC1",35.314929,18.633626,321132,4315049,0.430857142857143,0.417142857142857,0.0194285714285714,0.00571428571428571,0.0617142857142857,0.0114285714285714
"WELLCARMD1",13.726473,6.823086,323648,4327524,0.517201834862385,0.0848623853211009,0.00917431192660551,0.00344036697247706,0.00917431192660551,0.202981651376147
"WHITLAUDC1",20.711051,17.52197,319062,4289383,0.229621125143513,0.210103329506315,0.134328358208955,0.00229621125143513,0.150401836969001,0.0826636050516648
"WIEBFRAMD1",31.160602,33.982433,325387,4316178,0.164179104477612,0.244546498277842,0.213547646383467,0.101033295063146,0.158438576349024,0.026406429391504
"WIKACORMD1",50.56031,2.398447,371417,4318796,0.146285714285714,0.0205714285714286,0,0,0.451428571428571,0.285714285714286
"WILDANNVA1",40.803012,21.924716,318039,4307672,0.222988505747126,0.268965517241379,0.119540229885057,0.0333333333333333,0.341379310344828,0.00459770114942529
"WILELINMD1",32.5494,10.989521,395012,4314101,0.162657502863688,0.169530355097365,0.0355097365406644,0.00343642611683849,0.271477663230241,0.11340206185567
"WILLCYNVA1",12.311166,31.66123,308037,4305505,0.308924485125858,0.259725400457666,0.283752860411899,0.0446224256292906,0.0881006864988558,0.011441647597254
"WILLRAJMD1",14.063926,17.934551,370543,4314424,0.248568155784651,0.246277205040092,0.0641466208476518,0.00458190148911798,0.0423825887743414,0.0171821305841924
"WILLTERMD1",26.476787,35.048934,333777,4310764,0.149253731343284,0.487944890929966,0.202066590126292,0.0459242250287026,0.101033295063146,0.0034443168771527
"WILLTINVA1",70.264739,0.927227,296011,4295755,0.0481099656357388,0.00916380297823597,0,0,0.835051546391753,0.0916380297823597
"WINGJERMD1",34.905895,9.017565,327181,4283806,0.216494845360825,0.184421534936999,0.0309278350515464,0,0.369988545246277,0.18213058419244
"WISECELMD1",22.907152,8.755332,324157,4326483,0.383467278989667,0.125143513203215,0.0309988518943743,0.00114810562571757,0.146957520091848,0.22158438576349
"WOLFAMYDC1",0.496863,78.479293,322882,4309712,0.0137142857142857,0.0182857142857143,0.450285714285714,0.517714285714286,0,0
"WOLFKARDC1",25.808029,29.612297,321362,4312346,0.17162471395881,0.212814645308924,0.259725400457666,0.0423340961098398,0.221967963386728,0.0697940503432494
"WOODPAUVA1",28.00251,14.702634,300855,4301606,0.342105263157895,0.264302059496567,0.0503432494279176,0.0080091533180778,0.128146453089245,0.202517162471396
